Generator Accounts,Transaction Hashes,URLs,Start Times
0x8867b84b7c29f2e7842EfA6E5542f0437562f30a,0x7c58de5c3c91e55f54eeee476a568453e4c000c8f1b30a27db880ebd0e6ba604,http://127.0.0.1:7022,1645279835.7494109
0x8867b84b7c29f2e7842EfA6E5542f0437562f30a,0x0bc1e9c872dc29410063fc26149a2c7e9f417a1271ffc51ea1319c00f679397f,http://127.0.0.1:7022,1645279835.7725108
0x8867b84b7c29f2e7842EfA6E5542f0437562f30a,0x8e9934dde5936a701c1764b0688806c818bf5b3637393bdad224cdd46da7d1ac,http://127.0.0.1:7022,1645279835.7953768
0x8867b84b7c29f2e7842EfA6E5542f0437562f30a,0x260d42acf15d934ef23910494b8615f26d2ce33ee2f6a2aa342497a523adc4c1,http://127.0.0.1:7022,1645279835.817174
0x8867b84b7c29f2e7842EfA6E5542f0437562f30a,0x549c1da586668258518635de9a88c188004982403d9e4a3a5bbe8eda004c644e,http://127.0.0.1:7022,1645279835.839034
0xE6f530306CC2B5F98cD18c121B79f41c983f3807,0xb4549b1ffa99a2ed7d4426f0637e9329bf284456d6726756b1cd0261a02631d8,http://127.0.0.1:7030,1645279836.8976197
0xE6f530306CC2B5F98cD18c121B79f41c983f3807,0xaf5c6a76bb297eb85e6c97c06bfb2b9c2f8bebc384fe225ff2b09d19f0157cc2,http://127.0.0.1:7030,1645279836.919602
0xE6f530306CC2B5F98cD18c121B79f41c983f3807,0x21f9335c6afec9dbb59184a6c1f48b4300744d0d3c056febad5be7b3b62237e0,http://127.0.0.1:7030,1645279836.9469833
0xE6f530306CC2B5F98cD18c121B79f41c983f3807,0x4462216c953abfef6e0ca2878e4f65c4eda6d9b61ad1ce5a5b222e6a61fba68d,http://127.0.0.1:7030,1645279836.972703
0xE6f530306CC2B5F98cD18c121B79f41c983f3807,0x8f67ab310541c631b47d1b57cbcafd74278f4d0b56bf461635368f2ad4e8c7be,http://127.0.0.1:7030,1645279836.9939976
0x29072F214cb636B57d5D6C7Aa770694fc9cba88A,0xf2cfd91d55a8b3af2b3046922eb0489d8129bddd251da03961388654d64f2eb7,http://127.0.0.1:7034,1645279838.818203
0x29072F214cb636B57d5D6C7Aa770694fc9cba88A,0x245226bb0e44984dcb2727513cd9ddd1ad156db2960db02b632d2f022d13a948,http://127.0.0.1:7034,1645279838.8477337
0x29072F214cb636B57d5D6C7Aa770694fc9cba88A,0x5d39e41bac802f9a45ca8d6215339c15bd8955aed62c29f52feba439ec2b622c,http://127.0.0.1:7034,1645279838.876667
0x29072F214cb636B57d5D6C7Aa770694fc9cba88A,0x5d4a800587d34d5b24d064ba9db578f77fc44d098c236d9b4b92632c82592d9a,http://127.0.0.1:7034,1645279838.9027314
0x29072F214cb636B57d5D6C7Aa770694fc9cba88A,0xee943115d75b63abf9e97a105a8bbda8f3ebde79e124e647123aa143e6de9469,http://127.0.0.1:7034,1645279838.9259598
0x5def31537084b49caEEe9f858C4cCf305E17980D,0x2307b524c135413b61764283c7fdc7f8fdc318e5c2ebe16b54a148cd345ca796,http://127.0.0.1:7018,1645279839.9814901
0x5def31537084b49caEEe9f858C4cCf305E17980D,0x525f8c1bb936d2176ceef0939f7d4b765fdf29e684336c7ab962728f668a7732,http://127.0.0.1:7018,1645279840.0046859
0x5def31537084b49caEEe9f858C4cCf305E17980D,0x16cbb54c1725f3654630243fb6c8e7846467549fa7b6451eb56156657a9afc0b,http://127.0.0.1:7018,1645279840.02849
0x5def31537084b49caEEe9f858C4cCf305E17980D,0xd7239e47fe37bac0a690b644218bba13edae8d8839ce7713435b159e59201054,http://127.0.0.1:7018,1645279840.0520196
0x5def31537084b49caEEe9f858C4cCf305E17980D,0xdb1ff89822a15172fca2fb2e73eac9352f68f159c2108ab5cd67cbe26f379f9f,http://127.0.0.1:7018,1645279840.0751736
0x18773B79a41790846e0c2cf819060A74B779Fae1,0x3ef68ea8b15e6f732a5a04fe008ec967406072a8ea5f9ea22459c201db379789,http://127.0.0.1:7030,1645279841.8928623
0x18773B79a41790846e0c2cf819060A74B779Fae1,0xaf96cf07fa6bd1cd507d49dcc48706db7096b7abff6396ac6cacaee2c835c14a,http://127.0.0.1:7030,1645279841.924832
0x18773B79a41790846e0c2cf819060A74B779Fae1,0x2f226f8ef5d6216fcb9c2026344a3e97c1bf057d8f26d7f916201c7e6236a202,http://127.0.0.1:7030,1645279841.9490745
0x18773B79a41790846e0c2cf819060A74B779Fae1,0x17aeeba75c1efac3e4334891792183f970f0cc227536d0432ee88c4f13e76b11,http://127.0.0.1:7030,1645279841.9722574
0x18773B79a41790846e0c2cf819060A74B779Fae1,0xf024cded229813c10beda7800601a7f89935d1179ddaab0dad9c10f1db145ec2,http://127.0.0.1:7030,1645279841.9945123
0xB39Ef495cCC6974AB751d58d5Dd0648c4f15484A,0xa7d897fe5e573cf1167bfa9280375c11611622dd57706f31dcdf2a7c9863d11f,http://127.0.0.1:7034,1645279842.9728467
0xB39Ef495cCC6974AB751d58d5Dd0648c4f15484A,0xd7ba575db6bb81b87b9b88ea36de297e06e97c6726fff753e07517c0dba5ce3e,http://127.0.0.1:7034,1645279842.9956932
0xB39Ef495cCC6974AB751d58d5Dd0648c4f15484A,0x8a497be8d167836ce75d2892820055ea47040937818e56f84346be78572e51d6,http://127.0.0.1:7034,1645279843.0186453
0xB39Ef495cCC6974AB751d58d5Dd0648c4f15484A,0xd7b3cc2b642f4b6415a512588dfaf13a14eda193defcc4906dc4b2dda2283ec9,http://127.0.0.1:7034,1645279843.0408945
0xB39Ef495cCC6974AB751d58d5Dd0648c4f15484A,0x26bf528066088d8520e5cf088bbdd061aa1daa3287104a753750222f934f030c,http://127.0.0.1:7034,1645279843.0635653
0xD489ba7a1ACC9165975346975Ded52DA77649F0e,0xf510e5a95ed680f44ea7dcd0564b8334b3249b27026a00195d3df57f1bb9a508,http://127.0.0.1:7026,1645279844.9114747
0xD489ba7a1ACC9165975346975Ded52DA77649F0e,0x1278c67acf16f40bb9640f75b1d147dac5bd2cb97c9550b3fae91d80f65de372,http://127.0.0.1:7026,1645279844.93443
0xD489ba7a1ACC9165975346975Ded52DA77649F0e,0xeec4095535c40c7563172d11458d2ca85dc51b8dfd82d3982a28d01cc6d7345a,http://127.0.0.1:7026,1645279844.9582038
0xD489ba7a1ACC9165975346975Ded52DA77649F0e,0xdc829a5497de8e2276cefcfc08a0e648fbdaaec471ffca81515854e90b81bc39,http://127.0.0.1:7026,1645279844.9804564
0xD489ba7a1ACC9165975346975Ded52DA77649F0e,0xbd029a1be36280328a6cdf9b43b409964384765f997a1c455a8adb389584c778,http://127.0.0.1:7026,1645279845.0021145
0xE6f530306CC2B5F98cD18c121B79f41c983f3807,0x744e1493fb9db1a7db3e9f0e1aa88c80366a7fbce8fa042a72fb5376dc4c09ff,http://127.0.0.1:7030,1645279846.057746
0xE6f530306CC2B5F98cD18c121B79f41c983f3807,0x911a8fe10625fc8befa024687d1280bf6e7f3b8d218ace6e9a90ede0dce56213,http://127.0.0.1:7030,1645279846.0812666
0xE6f530306CC2B5F98cD18c121B79f41c983f3807,0x51de5690cbee947359eed15e4d2acd84c509a3a202965310456bf0323cbc8908,http://127.0.0.1:7030,1645279846.105282
0xE6f530306CC2B5F98cD18c121B79f41c983f3807,0x8af22d8ea6fedcfbed9d0223b3a0d0c909be4273febaed3fa586a43cf256745a,http://127.0.0.1:7030,1645279846.129431
0xE6f530306CC2B5F98cD18c121B79f41c983f3807,0x8e61193bef2a81b59daa67ab3044f1530f61e1b9fccbb96ce42eec6267fcc65b,http://127.0.0.1:7030,1645279846.1534076
0xC1F4A21E2c32C77cdFDBa4E4440F35f4F5B62036,0x405c20b72b9516d6759cc92a38c76564ad61b8c18d1b6ea115e29482ae522eaa,http://127.0.0.1:7022,1645279848.0167494
0xC1F4A21E2c32C77cdFDBa4E4440F35f4F5B62036,0xa0d3fee6ac85e2fa22f2e32ba4c2abdfb7beb9e60cd9a3ea53cf1e39e51be783,http://127.0.0.1:7022,1645279848.0408952
0xC1F4A21E2c32C77cdFDBa4E4440F35f4F5B62036,0x45da6a602b89045d117ac77300dbbc04440d5f42ad6b70f7aecaa8c0a7e9839b,http://127.0.0.1:7022,1645279848.0651586
0xC1F4A21E2c32C77cdFDBa4E4440F35f4F5B62036,0x915c2d8747a9b6c33eb7f4604be5427e35bb804ad2a90fa967d7be44f7edca85,http://127.0.0.1:7022,1645279848.0892181
0xC1F4A21E2c32C77cdFDBa4E4440F35f4F5B62036,0xe2270ee685681dc7978ec7935112cfe132e50732a28f84fdf38110b0b412d092,http://127.0.0.1:7022,1645279848.1204739
0xD489ba7a1ACC9165975346975Ded52DA77649F0e,0xf8efdde111b93af114e2e22cb7cbf418363ab27ee820a4d3e281f6a533d40e58,http://127.0.0.1:7026,1645279849.2191792
0xD489ba7a1ACC9165975346975Ded52DA77649F0e,0x8b8ed41cd140ce4380c6a71e15b024bd7cbe5f15af4ef4759732d5d08691abb1,http://127.0.0.1:7026,1645279849.2448874
0xD489ba7a1ACC9165975346975Ded52DA77649F0e,0x0e6f91f6f3ce2ac07a4ef86a1e7eab6d12fb9af25ab7edaa65787e8aad3d2aef,http://127.0.0.1:7026,1645279849.2697783
0xD489ba7a1ACC9165975346975Ded52DA77649F0e,0xaba67b39e5eb7d839588ba37a1c30d368650bdb1c984c8a94c7b114dcf3395a0,http://127.0.0.1:7026,1645279849.2933123
0xD489ba7a1ACC9165975346975Ded52DA77649F0e,0xdf2b4b99f540d22e80449319245e65dcbeca2bd185c9d7f66a5ea01920699a42,http://127.0.0.1:7026,1645279849.3183155
0x8867b84b7c29f2e7842EfA6E5542f0437562f30a,0x200e80a7feae9fe70a70cf0c4088318d6b82a64a301eac82ee2980384269d01c,http://127.0.0.1:7022,1645279851.1517432
0x8867b84b7c29f2e7842EfA6E5542f0437562f30a,0xfc1a63c56886d84cd4cdc6a22b5a647797ecc96bcebe56024a103c4e4f32d337,http://127.0.0.1:7022,1645279851.174923
0x8867b84b7c29f2e7842EfA6E5542f0437562f30a,0x03d3c4d875b56bd6722eacc462fbcdbdc9eac9c06689448966a4dfc138605e05,http://127.0.0.1:7022,1645279851.200299
0x8867b84b7c29f2e7842EfA6E5542f0437562f30a,0x97a533fd8deb56b370286ae4c3e67cc4c0249fa0d9d19a4e6e88278d02b589a2,http://127.0.0.1:7022,1645279851.2228117
0x8867b84b7c29f2e7842EfA6E5542f0437562f30a,0xfff87f36806d449d3ed9d05fe38f520a90593409583f7441a952afcadbb9e633,http://127.0.0.1:7022,1645279851.2456973
0xE6f530306CC2B5F98cD18c121B79f41c983f3807,0x2ef6aadda928dbf1b57d4e26d131bdcc859cd1e911ce09a2de259a107ff6fa23,http://127.0.0.1:7030,1645279852.2365186
0xE6f530306CC2B5F98cD18c121B79f41c983f3807,0x7a76d44d07ac38d7f1ed39bed2d8d1c2fb2b47655585fabf3b4cc518f9ceeb0f,http://127.0.0.1:7030,1645279852.266159
0xE6f530306CC2B5F98cD18c121B79f41c983f3807,0x7dd26e64ced4547df6f9321b2b5656485fada29b012d7f1ce28b799bbc3f0b5b,http://127.0.0.1:7030,1645279852.2896652
0xE6f530306CC2B5F98cD18c121B79f41c983f3807,0x0bdc3dae8302d9da531d2c5e6495b8199ef13a19fedd5b08b186c44e3f6bd681,http://127.0.0.1:7030,1645279852.318143
0xE6f530306CC2B5F98cD18c121B79f41c983f3807,0x869a2b4a30ed000bcfca28ee03b655e08d20cc65cb43e5c89f94ec7f95529cc8,http://127.0.0.1:7030,1645279852.3422198
0x3543d53a75a3F717Bb66Cb3d28D89bDA57f8c242,0xb5ab90af336b97cd6634f8c56a40c7d751e05155cfaf1eec02f9cd6e1d6f8159,http://127.0.0.1:7022,1645279854.0926564
0x3543d53a75a3F717Bb66Cb3d28D89bDA57f8c242,0x8563fb06e16ca4d3406d15b435f3fb21163c0a04e4a1e1afdbd824198b9de9a1,http://127.0.0.1:7022,1645279854.125982
0x3543d53a75a3F717Bb66Cb3d28D89bDA57f8c242,0xd0bd2c3cce32ed4cce18dc628c4634ac9aa212b251a64a0f39f79c1e104c2ab5,http://127.0.0.1:7022,1645279854.1488938
0x3543d53a75a3F717Bb66Cb3d28D89bDA57f8c242,0xbb6046a0c75128f00e65b8cc9d6e7c66fb6b876fdae0f845fd4efc3dbe2d0833,http://127.0.0.1:7022,1645279854.1717944
0x3543d53a75a3F717Bb66Cb3d28D89bDA57f8c242,0x25194822b407fdecfa2ceb6f27db07b6e9b00654c7565a4b39d0a6b629e98ac0,http://127.0.0.1:7022,1645279854.1950517
0x441Cc9eD865D513C5f5A1775DA3e6509451Aaa71,0x415949f6a15f8f651b446fe8a5ab6c147297a83f9ec1a16df8ef38fa284e0012,http://127.0.0.1:7022,1645279855.2142336
0x441Cc9eD865D513C5f5A1775DA3e6509451Aaa71,0xf927701b22724ff229834d7f3009b02793f7ec3a805f50023802ee0f06709ff6,http://127.0.0.1:7022,1645279855.2388456
0x441Cc9eD865D513C5f5A1775DA3e6509451Aaa71,0xb1660635b53a27834c52b23e51627ce7e476166620d5e227bd3930cd651e401f,http://127.0.0.1:7022,1645279855.2655497
0x441Cc9eD865D513C5f5A1775DA3e6509451Aaa71,0x9f8230c3eec8e7f4b70f7d5c06706459148968a7d8cdc25a9a8265deb628e4bd,http://127.0.0.1:7022,1645279855.2876658
0x441Cc9eD865D513C5f5A1775DA3e6509451Aaa71,0x113414765d8fb091886c969eec270b53fa968aafea72ad1c406febd922999dc5,http://127.0.0.1:7022,1645279855.311826
0x59cd848667337bC0bB3a8c8a844158d2ee768c2B,0x32332673c8a5c9c262f11885336508b6cf730e4e0828d4a4f5894de1e961bd5f,http://127.0.0.1:7026,1645279857.1744015
0x59cd848667337bC0bB3a8c8a844158d2ee768c2B,0x2a6b9de385e211fce2273048b4a4cdf312d767bb1636a31795cd6a72d3047a65,http://127.0.0.1:7026,1645279857.1976519
0x59cd848667337bC0bB3a8c8a844158d2ee768c2B,0xb70953b6a06593be34305eca3cec96783bfa0dd595e8ff560129d1a68120e91a,http://127.0.0.1:7026,1645279857.2207563
0x59cd848667337bC0bB3a8c8a844158d2ee768c2B,0xe24d67620084939f2193588e96caa4409a39f423b628eba690f0e264361b3796,http://127.0.0.1:7026,1645279857.2440715
0x59cd848667337bC0bB3a8c8a844158d2ee768c2B,0xdc9c58af23f11f35fb3c4b5d9710616a8468df74685e22ce0604dc080983a3d6,http://127.0.0.1:7026,1645279857.2677042
0x59cd848667337bC0bB3a8c8a844158d2ee768c2B,0xb7ec9b8a499d3036cb73ae6ca6ccc43fa1b90d7094e0ab131783b6ecaf2505de,http://127.0.0.1:7026,1645279858.2586496
0x59cd848667337bC0bB3a8c8a844158d2ee768c2B,0xa2d4028db8ee589a13f9d654a8c716951c69010fb70bb4c4d58db258e2eab32b,http://127.0.0.1:7026,1645279858.2823846
0x59cd848667337bC0bB3a8c8a844158d2ee768c2B,0x09ac2794dd6b1dbb85289125cd9a205cd299399a16eb847428b98762ee16e939,http://127.0.0.1:7026,1645279858.309616
0x59cd848667337bC0bB3a8c8a844158d2ee768c2B,0xe184b9303c27a518b322bd2ad9231733311760bf4f0bc5413266cf214230a0c2,http://127.0.0.1:7026,1645279858.3313866
0x59cd848667337bC0bB3a8c8a844158d2ee768c2B,0x93348dff9b42e6d5063204742c8cfa318b18f4359dcbd65283df8802ed7ba7e2,http://127.0.0.1:7026,1645279858.354193
0xD489ba7a1ACC9165975346975Ded52DA77649F0e,0x38edfb3a52ee04921eae70065d58c27c9da4a6aa26cf87197e98efbfff795bcf,http://127.0.0.1:7026,1645279860.16271
0xD489ba7a1ACC9165975346975Ded52DA77649F0e,0x933648c22b2cb0dbe9bd58334f90cf7449dcb4bbf08badd5e6280cefea9a60db,http://127.0.0.1:7026,1645279860.1949322
0xD489ba7a1ACC9165975346975Ded52DA77649F0e,0x6fc738027065ed948dcd3e33c30bcb4da84ea7bd2bd05c840bb24ab4a5430112,http://127.0.0.1:7026,1645279860.218757
0xD489ba7a1ACC9165975346975Ded52DA77649F0e,0x5f27e1efbe4ab8b8853658d538f713def222ec91f7c87e643b26b3febb666e33,http://127.0.0.1:7026,1645279860.2418854
0xD489ba7a1ACC9165975346975Ded52DA77649F0e,0xc7f881afb38e293204a83bfa82b2c82831c4d0f7f402df498e0398d006e57c38,http://127.0.0.1:7026,1645279860.2662618
0xD489ba7a1ACC9165975346975Ded52DA77649F0e,0xfcf2cc985537683418b0c006ebb89e7a3757feef3b1110b8b687c9ad6a3c4818,http://127.0.0.1:7026,1645279861.263266
0xD489ba7a1ACC9165975346975Ded52DA77649F0e,0xeea9e6e96c40399a6c6324eee5958917e3ea7d4fde20959b6a562e07f0a4d5af,http://127.0.0.1:7026,1645279861.290507
0xD489ba7a1ACC9165975346975Ded52DA77649F0e,0x1f4a530c6ac512624371232223662773b948c125c877830eaa16a9cc6b0bde09,http://127.0.0.1:7026,1645279861.3225958
0xD489ba7a1ACC9165975346975Ded52DA77649F0e,0xcfaac3dd2357476cf75b7355a576f0e58463c6939e0e23e3ad5768f12bcc78b7,http://127.0.0.1:7026,1645279861.3505044
0xD489ba7a1ACC9165975346975Ded52DA77649F0e,0xebca0ef9a1b640ae9c5117e53f4950903df5eb3c7be63393a8b0967c852f3f2b,http://127.0.0.1:7026,1645279861.3730912
0xd426869C370c6A92f5dF7D572d2a1B6aAC574103,0x6ebecff6728a624ca8b86189b84869c9f287f4d82ec71d8bb486e5cb867babe1,http://127.0.0.1:7018,1645279863.2102513
0xd426869C370c6A92f5dF7D572d2a1B6aAC574103,0xd6dcd4c0a8ff97716199f4e06cbed26a18e32182d0c55c42b86d86932f339554,http://127.0.0.1:7018,1645279863.2349634
0xd426869C370c6A92f5dF7D572d2a1B6aAC574103,0x101e6f434572a20eb37c74531bc52d279d512b37d181a39ea1fae6ae74b68446,http://127.0.0.1:7018,1645279863.2590625
0xd426869C370c6A92f5dF7D572d2a1B6aAC574103,0xe5dc3a051a6baf6430f75142030e65a0fb10e48a33cae68a78ba12b137da2059,http://127.0.0.1:7018,1645279863.2826366
0xd426869C370c6A92f5dF7D572d2a1B6aAC574103,0xb15b8dd3af973991387ca965252ba11811614a5400e423cec070207683ce3924,http://127.0.0.1:7018,1645279863.305785
0x1881d402F47CB530E1C7123b649De714a633134C,0xd2406fe038963a3d550872deacbba68ce027813f3c5257d32010416fc475e0a2,http://127.0.0.1:7026,1645279864.3397305
0x1881d402F47CB530E1C7123b649De714a633134C,0x3d12a53398eebd5226e6119aafd66e27cabf0c92986fea30078252b83c04675b,http://127.0.0.1:7026,1645279864.3745155
0x1881d402F47CB530E1C7123b649De714a633134C,0x62362b3bec1e7ffa5fedd7383785395f372fe75530da0edf058ec986ca31a3dc,http://127.0.0.1:7026,1645279864.4012747
0x1881d402F47CB530E1C7123b649De714a633134C,0xfe815687cab44649992e6ebed6527e064fde16c01a126a2eeb07fcbaed3f7878,http://127.0.0.1:7026,1645279864.4283273
0x1881d402F47CB530E1C7123b649De714a633134C,0xa7a5b05f57f71ecbe51ded0bfaac44f963e30603404de116cb9fb1af0627e227,http://127.0.0.1:7026,1645279864.4546366
